Name,Azim,Elev
5E10,231.421,29.9653
5E9,227.338,32.146
5E8,222.514,34.4334
5E7,216.819,36.7257
5E6,210.125,38.9558
5E5,202.377,40.9434
5E4,193.696,42.455
5E3,184.314,43.2866
5E2,174.724,43.3093
5E1,165.381,42.5629
5W1,156.791,41.1642
5W2,149.151,39.3058
5W3,142.547,37.2098
5W4,136.948,35.0288
5W5,132.212,32.8679
5W6,128.193,30.8397
5W7,124.802,28.9558
5W8,121.887,27.1501
5W9,119.386,25.5352
5W10,117.219,24.064
6E9,221.871,29.5665
6E8,217.136,31.3672
6E7,211.743,33.1336
6E6,205.616,34.7894
6E5,198.792,36.2067
6E4,191.381,37.2579
6E3,183.559,37.8468
6E2,175.619,37.9095
6E1,167.827,37.43
6W1,160.481,36.498
6W2,153.717,35.2088
6W3,147.68,33.7088
6W4,142.345,32.0808
6W5,137.65,30.4305
6W6,133.597,28.8028
6W7,130.059,27.2554
6W8,126.973,25.8031
6W9,124.281,24.4445
7E9,217.38,27.1949
7E8,212.858,28.6177
7E7,207.805,29.9699
7E6,202.224,31.2005
7E5,196.189,32.2333
7E4,189.742,32.996
7E3,183.033,33.447
7E2,176.294,33.5173
7E1,169.614,33.2099
7W1,163.194,32.5726
7W2,157.186,31.6844
7W3,151.697,30.5996
7W4,146.66,29.3754
7W5,142.194,28.1232
7W6,138.206,26.8601
7W7,134.63,25.5808
7W8,131.476,24.3805
7W9,128.667,23.2392
8E10,217.543,23.9186
8E9,213.641,25.0665
8E8,209.351,26.176
8E7,204.662,27.2219
8E6,199.588,28.1594
8E5,194.185,28.9289
8E4,188.492,29.4917
8E3,182.66,29.8324
8E2,176.747,29.9219
8E1,170.915,29.7357
8W1,165.25,29.2875
8W2,159.872,28.6489
8W3,154.839,27.8491
8W4,150.198,26.957
8W5,145.962,25.9964
8W6,142.081,24.9934
8W7,138.646,24.0042
8W8,135.428,23.0002
8W9,132.574,22.0358
8W10,130.002,21.1203
9E11,217.515,21.2056
9E10,214.085,22.1369
9E9,210.376,23.0572
9E8,206.342,23.9166
9E7,202.019,24.7242
9E6,197.404,25.4461
9E5,192.548,26.0424
9E4,187.502,26.4704
9E3,182.343,26.7313
9E2,177.129,26.8089
9E1,171.984,26.709
9W1,166.945,26.4053
9W2,162.111,25.9579
9W3,157.532,25.3881
9W4,153.228,24.7343
9W5,149.238,24.0039
9W6,145.549,23.2185
9W7,142.153,22.4085
9W8,139.05,21.6077
9W9,136.205,20.8059
9W10,133.614,20.0451
9W11,131.238,19.2961
10E12,217.17,18.8259
10E11,214.109,19.6053
10E10,210.833,20.3541
10E9,207.349,21.0706
10E8,203.603,21.7469
10E7,199.638,22.3677
10E6,195.461,22.9064
10E5,191.101,23.3671
10E4,186.624,23.691
10E3,182.067,23.9023
10E2,177.467,23.9911
10E1,172.903,23.9445
10W1,168.447,23.7575
10W2,164.104,23.4445
10W3,159.964,23.0502
10W4,156.013,22.5574
10W5,152.288,22.0177
10W6,148.813,21.4139
10W7,145.575,20.797
10W8,142.554,20.1499
10W9,139.782,19.514
10W10,137.203,18.8743
10W11,134.831,18.2534
10W12,132.628,17.6428
11E14,219.213,16.2797
11E13,216.666,16.8646
11E12,213.963,17.4783
11E11,211.045,18.0928
11E10,207.955,18.6781
11E9,204.679,19.2566
11E8,201.219,19.7936
11E7,197.588,20.2843
11E6,193.807,20.7049
11E5,189.894,21.0629
11E4,185.895,21.3342
11E3,181.833,21.5071
11E2,177.753,21.5767
11E1,173.695,21.5645
11W1,169.7,21.4324
11W2,165.799,21.2234
11W3,162.031,20.9509
11W4,158.415,20.6014
11W5,154.977,20.1745
11W6,151.721,19.7458
11W7,148.649,19.258
11W8,145.772,18.7477
11W9,143.077,18.2514
11W10,140.547,17.745
11W11,138.204,17.2311
11W12,136.005,16.7191
11W13,133.968,16.2049
11W14,132.073,15.7195
12E14,215.846,15.0819
12E13,213.397,15.5878
12E12,210.809,16.0751
12E11,208.064,16.5633
12E10,205.166,17.0298
12E9,202.14,17.4818
12E8,198.976,17.9053
12E7,195.685,18.281
12E6,192.271,18.6073
12E5,188.781,18.8754
12E4,185.225,19.0877
12E3,181.627,19.226
12E2,178.006,19.3028
12E1,174.408,19.2931
12W1,170.849,19.2186
12W2,167.368,19.092
12W3,163.976,18.9012
12W4,160.696,18.6547
12W5,157.539,18.3687
12W6,154.523,18.0451
12W7,151.647,17.6845
12W8,148.923,17.3004
12W9,146.342,16.9135
12W10,143.914,16.5034
12W11,141.625,16.0989
12W12,139.47,15.6995
12W13,137.442,15.273
12W14,135.543,14.8631
13E14,212.728,13.9545
13E13,210.395,14.3651
13E12,207.936,14.7665
13E11,205.373,15.1551
13E10,202.689,15.5193
13E9,199.901,15.8689
13E8,197.007,16.1927
13E7,194.021,16.4896
13E6,190.956,16.7368
13E5,187.821,16.9471
13E4,184.644,17.1102
13E3,181.448,17.2254
13E2,178.226,17.2929
13E1,175.013,17.296
13W1,171.846,17.2672
13W2,168.731,17.1805
13W3,165.676,17.0471
13W4,162.699,16.8767
13W5,159.821,16.6764
13W6,157.029,16.4395
13W7,154.364,16.1834
13W8,151.818,15.8963
13W9,149.367,15.6017
13W10,147.034,15.2988
13W11,144.838,14.9796
13W12,142.746,14.6564
13W13,140.763,14.3206
13W14,138.886,13.9859
14E6,189.798,15.0513
14E5,186.988,15.2182
14E4,184.141,15.348
14E3,181.291,15.4489
14E2,178.418,15.5076
14E1,175.57,15.5235
14W1,172.718,15.5063
14W2,169.911,15.4558
14W3,167.152,15.3628
14W4,164.468,15.2651
14W5,161.84,15.1281
14W6,159.29,14.9671
